[
  {
    "path_to_audio": "http://imslp.eu/files/imglnks/euimg/c/c9/IMSLP529180-PMLP111733-Prelude_and_Fugue_in_C_Major,_BWV_545_(Johann_Sebastian_Bach)_AP_37022=.mp3",
    "path_to_img": "https://upload.wikimedia.org/wikipedia/commons/b/be/Mojave_suncup_flower_at_the_mouth_of_Titus_Canyon.JPG",
    "choices": [ "c1", "Bach", "c3", "c4" ],
    "correct_option": 2
  },
  {
    "path_to_audio": "http://imslp.eu/files/imglnks/euimg/d/d0/IMSLP571556-PMLP921068-15_Air_de_la_Reine_de_la_nuit_%E2%80%9CAh!_venge-moi%E2%80%9D_(Wolfgang_Amadeus_Mozart,_La_fl%C3%BBte_enchant%C3%A9e)_EMI_1947.mp3",
    "path_to_img": "https://images.pexels.com/photos/278887/pexels-photo-278887.jpeg?auto=compress&cs=tinysrgb&dpr=3&h=750&w=1260",
    "choices": [ "meep", "leep", "deep", "reep" ],
    "correct_option": 4
  }
]